pose_index,requested_roll_deg,requested_pitch_deg,requested_yaw_deg,applied_roll_deg,applied_pitch_deg,applied_yaw_deg,candidate,calibration_path,measurement_count,board_x_m,board_y_m,board_z_m,board_qx,board_qy,board_qz,board_qw,board_roll_deg,board_pitch_deg,board_yaw_deg,within_position_rms_mm,within_rotation_rms_deg
1,0.0,0.0,0.0,0.0,0.0,0.0,old,src/robot_arm/robot_camera/handeye_calibration_1828/data/runs/20260715_baseline_old/calibration.calib,10,0.2828700713249673,-0.13186687193697683,-0.06196450911635589,0.007944600997321189,0.9989599263572414,-0.015858428153779816,0.04200546516609108,-178.2162715221364,4.828616337555208,179.16389981178696,0.2899800326125621,0.08784139086832128
1,0.0,0.0,0.0,0.0,0.0,0.0,new,src/robot_arm/robot_camera/handeye_calibration_1828/data/runs/20260723_auto_30samples/calibration.calib,10,0.28573496306126006,-0.11585880798012882,-0.07138996879368265,-0.04495640625988369,0.9975868048975876,-0.024703545851023263,0.046789133918092335,-176.9206840245596,5.228692127676768,-174.69876765686527,0.2954508284386344,0.08805039982502988
2,12.0,0.0,0.0,9.0,0.0,0.0,old,src/robot_arm/robot_camera/handeye_calibration_1828/data/runs/20260715_baseline_old/calibration.calib,10,0.2813924445006738,-0.13286001351597382,-0.062946927563942,0.01051819241482053,0.9990338251245929,-0.0175968803786402,0.03887330300075991,-178.02593809124528,4.476009358070033,178.87073765894948,0.043786825573510116,0.04192543428799006
2,12.0,0.0,0.0,9.0,0.0,0.0,new,src/robot_arm/robot_camera/handeye_calibration_1828/data/runs/20260723_auto_30samples/calibration.calib,10,0.2815581910641013,-0.12207238572219814,-0.07488349989523217,-0.04146638748569681,0.997935522484674,-0.03159871605793355,0.03750670360904752,-176.19558173020602,4.142539254327508,-175.10356752128737,0.04378682557351189,0.0419254342897287
4,0.0,12.0,0.0,0.0,6.0,0.0,old,src/robot_arm/robot_camera/handeye_calibration_1828/data/runs/20260715_baseline_old/calibration.calib,10,0.28527890059300404,-0.13365968608311787,-0.05976580200462278,0.007369729964850725,0.998730413637664,-0.018405126576044577,0.046308738604129304,-177.9233050956575,5.323050836773431,179.25098037883075,0.048356209251519205,0.03514694072702142
4,0.0,12.0,0.0,0.0,6.0,0.0,new,src/robot_arm/robot_camera/handeye_calibration_1828/data/runs/20260723_auto_30samples/calibration.calib,10,0.28434377391893034,-0.11470172311864371,-0.07100763812890372,-0.04638671199939023,0.9975877511162963,-0.021581834311478924,0.04691669426087082,-177.27098105531218,5.255937845478194,-174.5501736392697,0.048356209251528136,0.035146940793387774
5,0.0,-12.0,0.0,0.0,-6.0,0.0,old,src/robot_arm/robot_camera/handeye_calibration_1828/data/runs/20260715_baseline_old/calibration.calib,10,0.28056971067655434,-0.13056527684275032,-0.06375273192692059,0.007040707487171976,0.9992044577796778,-0.014089760366593077,0.03663821289463026,-178.41178792914957,4.210245592849739,179.25094837553573,0.0747893799593896,0.036253768041734566
5,0.0,-12.0,0.0,0.0,-6.0,0.0,new,src/robot_arm/robot_camera/handeye_calibration_1828/data/runs/20260723_auto_30samples/calibration.calib,10,0.2866239736159651,-0.11615452993030832,-0.07129328110552532,-0.04455711434334765,0.9976162471872937,-0.026727230122428558,0.04541081456346317,-176.69802843919925,5.061406300761114,-174.73934939342467,0.0747893799593807,0.0362537680960216
6,0.0,0.0,15.0,0.0,0.0,15.0,old,src/robot_arm/robot_camera/handeye_calibration_1828/data/runs/20260715_baseline_old/calibration.calib,10,0.2827448258702094,-0.13115695143783826,-0.06332223690479413,0.006140684689861019,0.9991305208369264,-0.012562774239329966,0.039276851033189175,-178.58477551363163,4.5103793210179015,179.35146141160806,0.0618289444890121,0.039538980021425925
6,0.0,0.0,15.0,0.0,0.0,15.0,new,src/robot_arm/robot_camera/handeye_calibration_1828/data/runs/20260723_auto_30samples/calibration.calib,10,0.2867358709226506,-0.11383537869017615,-0.07305973243477819,-0.046876160979322797,0.9977895495799665,-0.021639116888840584,0.041837649325928525,-177.29107645571904,4.672584706547944,-174.50990222826294,0.06182894448901853,0.03953898001958235
7,0.0,0.0,-15.0,0.0,0.0,-15.0,old,src/robot_arm/robot_camera/handeye_calibration_1828/data/runs/20260715_baseline_old/calibration.calib,10,0.28687462449092316,-0.1356817673912201,-0.05924724713600214,0.007548387324241998,0.9983781412749483,-0.023057761536836367,0.05150192720756344,-177.39179066322728,5.922600621980837,179.26857712349008,0.06510871474320581,0.03550079772159939
7,0.0,0.0,-15.0,0.0,0.0,-15.0,new,src/robot_arm/robot_camera/handeye_calibration_1828/data/runs/20260723_auto_30samples/calibration.calib,10,0.28957796016796217,-0.1193270016499988,-0.06781886060633338,-0.045263973616821676,0.9967514596654002,-0.029614171820965166,0.05967161112847591,-176.280154776467,6.677148679334183,-174.58272496004355,0.06510871474320531,0.03550079773391905
8,10.0,10.0,0.0,5.0,5.0,0.0,old,src/robot_arm/robot_camera/handeye_calibration_1828/data/runs/20260715_baseline_old/calibration.calib,10,0.2871075326269948,-0.13702093969234783,-0.05969582535283783,0.008091867106860775,0.998495679692137,-0.024047059721545277,0.048606977293496535,-177.27965993909012,5.592745300521848,179.2042627633602,0.041218158360118426,0.02557611471166942
8,10.0,10.0,0.0,5.0,5.0,0.0,new,src/robot_arm/robot_camera/handeye_calibration_1828/data/runs/20260723_auto_30samples/calibration.calib,10,0.2862257858276215,-0.1215758702984088,-0.0718063871049243,-0.045218377429173895,0.9973601723307658,-0.03155685388066919,0.04724563433982199,-176.1294591801671,5.243458629278589,-174.63089768641035,0.04121815836011179,0.02557611471166942
9,-10.0,-10.0,0.0,-7.5,-7.5,0.0,old,src/robot_arm/robot_camera/handeye_calibration_1828/data/runs/20260715_baseline_old/calibration.calib,10,0.2846703840845887,-0.133095099301105,-0.06140081493780871,0.006015451146885545,0.9986870333037453,-0.01560501260880705,0.04842011400174859,-178.23895873279787,5.560733753355359,179.39531330632957,0.06615610667610482,0.032108788691306234
9,-10.0,-10.0,0.0,-7.5,-7.5,0.0,new,src/robot_arm/robot_camera/handeye_calibration_1828/data/runs/20260723_auto_30samples/calibration.calib,10,0.2927519911547258,-0.11436838436870414,-0.06652569028398594,-0.04545254182528934,0.9967529490310605,-0.022967153297111482,0.06237094603203949,-177.02823402772123,7.021917621945027,-174.59580026876148,0.0661561066761131,0.032108788748060904
10,10.0,-10.0,0.0,7.5,-7.5,0.0,old,src/robot_arm/robot_camera/handeye_calibration_1828/data/runs/20260715_baseline_old/calibration.calib,10,0.2821467224796875,-0.13450281150398555,-0.06346108486214902,0.009986587451954413,0.9991539281717905,-0.02620231008364727,0.03008545888341199,-177.0276046262127,3.476741379661457,178.94492171191266,0.2545273249218335,0.087801638451931
10,10.0,-10.0,0.0,7.5,-7.5,0.0,new,src/robot_arm/robot_camera/handeye_calibration_1828/data/runs/20260723_auto_30samples/calibration.calib,10,0.2874851312382799,-0.12467610312020713,-0.07239867073312856,-0.04029784602451083,0.9975603856530016,-0.044714047535215844,0.03535554460954993,-174.70599793869343,3.837952283403285,-175.19592777495933,0.2558384904962232,0.0885608165394058
11,-10.0,10.0,0.0,-5.0,5.0,0.0,old,src/robot_arm/robot_camera/handeye_calibration_1828/data/runs/20260715_baseline_old/calibration.calib,10,0.28930078979846346,-0.13570937637214814,-0.05879493158916528,0.0036701474564998977,0.9985150920408971,-0.022406460479916984,0.04951859764743373,-177.4436312107521,5.684732994775762,179.70575170282606,0.3343421371118245,0.06587113037657343
11,-10.0,10.0,0.0,-5.0,5.0,0.0,new,src/robot_arm/robot_camera/handeye_calibration_1828/data/runs/20260723_auto_30samples/calibration.calib,10,0.29146548005150746,-0.11387029190296634,-0.0677713371123608,-0.04984307603299636,0.9969394281337859,-0.02394473258562433,0.055263859666620486,-176.92953418752737,6.188653784617393,-174.10961098560128,0.3415465934409713,0.06496938432001183
12,10.0,0.0,12.0,10.0,0.0,12.0,old,src/robot_arm/robot_camera/handeye_calibration_1828/data/runs/20260715_baseline_old/calibration.calib,10,0.2843942216497277,-0.13693254975481584,-0.061143167222019026,0.007693728463658472,0.9986290597570519,-0.02470764392586588,0.045500987711331806,-177.19991579555702,5.2359487971409795,179.24522755694446,0.1034042805551557,0.06891782802780361
12,10.0,0.0,12.0,10.0,0.0,12.0,new,src/robot_arm/robot_camera/handeye_calibration_1828/data/runs/20260723_auto_30samples/calibration.calib,10,0.2847907631409313,-0.12420426253089753,-0.07378313678883372,-0.04454980278084454,0.9974494306419729,-0.03717020974241711,0.04157311501315271,-175.52046984280153,4.566856369551914,-174.70660410340662,0.1034042805551407,0.06891782803097665
13,-10.0,0.0,-12.0,-7.5,0.0,-9.0,old,src/robot_arm/robot_camera/handeye_calibration_1828/data/runs/20260715_baseline_old/calibration.calib,10,0.28892987836710965,-0.13487534390185504,-0.05868765577638736,0.0046039492854970335,0.9984874222448744,-0.020592678091859152,0.050770196757227944,-177.6578441175747,5.829955044544524,179.59090971437746,0.2121608085404424,0.10310511843776358
13,-10.0,0.0,-12.0,-7.5,0.0,-9.0,new,src/robot_arm/robot_camera/handeye_calibration_1828/data/runs/20260723_auto_30samples/calibration.calib,10,0.2924620487292484,-0.11391278889842012,-0.0659820370523989,-0.048269104880018204,0.9967370141672229,-0.022107415653386926,0.06080033121800929,-177.11692388942788,6.838413695556454,-174.2827001759304,0.2121608085404354,0.1031051184151403
14,0.0,10.0,-12.0,0.0,10.0,-12.0,old,src/robot_arm/robot_camera/handeye_calibration_1828/data/runs/20260715_baseline_old/calibration.calib,10,0.290044477523856,-0.1376904577657479,-0.057924435077591284,0.005675829280341124,0.9983041321151942,-0.02785874119318686,0.05079896950569482,-176.82800533838034,5.839484814851358,179.5103233657149,0.09927606159491091,0.04126401203510642
14,0.0,10.0,-12.0,0.0,10.0,-12.0,new,src/robot_arm/robot_camera/handeye_calibration_1828/data/runs/20260723_auto_30samples/calibration.calib,10,0.2869879618838976,-0.11841594348710371,-0.06928692481266754,-0.048168322812597746,0.9971026408410265,-0.02823599563245569,0.05166105744094189,-176.46858207461491,5.756595359027061,-174.2909690442474,0.09927606159491192,0.04126401204040593
15,0.0,-10.0,12.0,0.0,-10.0,12.0,old,src/robot_arm/robot_camera/handeye_calibration_1828/data/runs/20260715_baseline_old/calibration.calib,10,0.2828246629316011,-0.13355708497239233,-0.06329168542632763,0.006268515754928339,0.9990279115197968,-0.017019937652160536,0.040177847589686,-178.07380373662315,4.616786785921046,179.35864545917406,0.09673755614216523,0.06783336411829366
15,0.0,-10.0,12.0,0.0,-10.0,12.0,new,src/robot_arm/robot_camera/handeye_calibration_1828/data/runs/20260723_auto_30samples/calibration.calib,10,0.2904582271545225,-0.12018670561135694,-0.07074496432234892,-0.04489713232564416,0.9973594924045439,-0.032296120330388936,0.047066453351502884,-176.04724387998692,5.220238064019068,-174.66476237591635,0.09673755614216985,0.06783336410754777
16,8.0,8.0,8.0,4.0,4.0,4.0,old,src/robot_arm/robot_camera/handeye_calibration_1828/data/runs/20260715_baseline_old/calibration.calib,10,0.28751167620732143,-0.13625426020841774,-0.05900351770628587,0.006420926169802882,0.9984058106715343,-0.022925396133098238,0.051176509616999585,-177.40020980882807,5.882242899875564,179.3966446570998,0.038895832290500386,0.024817772133556903
16,8.0,8.0,8.0,4.0,4.0,4.0,new,src/robot_arm/robot_camera/handeye_calibration_1828/data/runs/20260723_auto_30samples/calibration.calib,10,0.2872343215595249,-0.1198652043686567,-0.07094778402094304,-0.04697192561456488,0.9971990104042034,-0.02984063785193087,0.04997307460550355,-176.30115882526837,5.558548195164592,-174.42665711045933,0.03889583229049915,0.02481777218642519
17,-8.0,-8.0,-8.0,-6.0,-6.0,-6.0,old,src/robot_arm/robot_camera/handeye_calibration_1828/data/runs/20260715_baseline_old/calibration.calib,10,0.28601909168257056,-0.13336595054365064,-0.06055023930425836,0.005814248949695079,0.9986468509844529,-0.01744840177860421,0.04864375400150713,-178.02590864071266,5.58709642251308,179.42917677012557,0.12413425072499291,0.054452953623293505
17,-8.0,-8.0,-8.0,-6.0,-6.0,-6.0,new,src/robot_arm/robot_camera/handeye_calibration_1828/data/runs/20260723_auto_30samples/calibration.calib,10,0.2925613283778555,-0.11459594429071493,-0.06636459030031347,-0.04601221748834636,0.9967444681214106,-0.023331291690680187,0.061959599249963394,-176.98477453503781,6.971102261099188,-174.53022163378384,0.12413425072499405,0.05445295359652069
18,8.0,-8.0,8.0,8.0,-8.0,8.0,old,src/robot_arm/robot_camera/handeye_calibration_1828/data/runs/20260715_baseline_old/calibration.calib,10,0.281879817671565,-0.1351411132155544,-0.0635247621199239,0.009235372688106038,0.9991697407939081,-0.02519270327591504,0.030657212443370795,-177.1413348911168,3.5390523468696222,179.02918858438542,0.08024165191559049,0.08548319453177301
18,8.0,-8.0,8.0,8.0,-8.0,8.0,new,src/robot_arm/robot_camera/handeye_calibration_1828/data/runs/20260723_auto_30samples/calibration.calib,10,0.2866424092890372,-0.12490413899549035,-0.07318533774443872,-0.04137990031165546,0.9976481341712177,-0.04337715107197402,0.03323141585555263,-174.86650075698034,3.5957584069555586,-175.08851291351712,0.08024165191559904,0.08548319453433116
19,-8.0,8.0,-8.0,-4.0,4.0,-4.0,old,src/robot_arm/robot_camera/handeye_calibration_1828/data/runs/20260715_baseline_old/calibration.calib,10,0.2888042031305181,-0.1367814802164624,-0.05844449171711776,0.0060502194243921914,0.9984285286589584,-0.022872317507425494,0.05080083755868423,-177.40401632872147,5.838153851844362,179.4380092303287,0.5172979148129314,0.2741705730492305
19,-8.0,8.0,-8.0,-4.0,4.0,-4.0,new,src/robot_arm/robot_camera/handeye_calibration_1828/data/runs/20260723_auto_30samples/calibration.calib,10,0.29007957699385517,-0.1163950128231126,-0.06789661752844742,-0.04751063521146025,0.9969909961325385,-0.02525509392137375,0.05580209138979281,-176.79013545455746,6.250099103464719,-174.36808556294258,0.517297914812929,0.27417057305109155
20,12.0,6.0,0.0,12.0,6.0,0.0,old,src/robot_arm/robot_camera/handeye_calibration_1828/data/runs/20260715_baseline_old/calibration.calib,10,0.28625200020054037,-0.13823220510224193,-0.05964349959835598,0.010198177396939326,0.9983838305254178,-0.025797895983718747,0.04960032949474964,-177.09082120367424,5.714209150851042,178.9747441589737,0.08269972516065482,0.06114992007165452
20,12.0,6.0,0.0,12.0,6.0,0.0,new,src/robot_arm/robot_camera/handeye_calibration_1828/data/runs/20260723_auto_30samples/calibration.calib,10,0.28316807239581687,-0.12575932185042699,-0.07334446367666762,-0.042466149171215724,0.9974714826051333,-0.03577880258601661,0.04435250668898068,-175.67467796500281,4.9014389231506,-174.93913822458998,0.08269972516064786,0.061149920022781
21,-12.0,-6.0,0.0,-9.0,-4.5,0.0,old,src/robot_arm/robot_camera/handeye_calibration_1828/data/runs/20260715_baseline_old/calibration.calib,10,0.286470991191909,-0.13380045684931868,-0.059673670778839935,0.00532342209996271,0.9985722650318258,-0.01761245670366183,0.050148719377630616,-178.00476321944393,5.7588507367057336,179.4894805050827,0.04622291974292759,0.03421196307122605
21,-12.0,-6.0,0.0,-9.0,-4.5,0.0,new,src/robot_arm/robot_camera/handeye_calibration_1828/data/runs/20260723_auto_30samples/calibration.calib,10,0.2934141543878114,-0.11289451162416438,-0.06515777221978067,-0.04670756625947245,0.9966623596727446,-0.021705572420036744,0.063335710239898,-177.15887408432727,7.135772207627297,-174.45652357551157,0.046222919742926666,0.034211963052050404
22,12.0,-6.0,0.0,6.0,-3.0,0.0,old,src/robot_arm/robot_camera/handeye_calibration_1828/data/runs/20260715_baseline_old/calibration.calib,10,0.28418438165562543,-0.13599579135322062,-0.061433317820670255,0.009377064412755607,0.9987074217745585,-0.025583192075647125,0.04290753591892431,-177.1062847533269,4.944109469208013,179.04906328636076,0.03753244350065241,0.03225021327230416
22,12.0,-6.0,0.0,6.0,-3.0,0.0,new,src/robot_arm/robot_camera/handeye_calibration_1828/data/runs/20260723_auto_30samples/calibration.calib,10,0.2874343084158391,-0.12371428953189798,-0.07147966042630757,-0.04256428460715125,0.9972519580399805,-0.039420519142586916,0.04607425020372482,-175.2463277075781,5.079588865530346,-174.9010398266951,0.0375324435006486,0.032250213328809944
23,-12.0,6.0,0.0,-6.0,3.0,0.0,old,src/robot_arm/robot_camera/handeye_calibration_1828/data/runs/20260715_baseline_old/calibration.calib,10,0.2891595748928172,-0.13556830970295167,-0.05778791061938919,0.00433920276230333,0.9983635194145957,-0.0220493611570768,0.052585930571349415,-177.48888080154498,6.038176914040943,179.63441430922828,0.04188626850473875,0.0233473621416841
23,-12.0,6.0,0.0,-6.0,3.0,0.0,new,src/robot_arm/robot_camera/handeye_calibration_1828/data/runs/20260723_auto_30samples/calibration.calib,10,0.2919195556093614,-0.11429943072465913,-0.06646532552280883,-0.04907781752282668,0.9967587805668155,-0.024049268531470176,0.05903332849545458,-176.89889703455336,6.622278946424048,-174.18290460651005,0.041886268504744445,0.02334736218227148
24,6.0,0.0,12.0,6.0,0.0,12.0,old,src/robot_arm/robot_camera/handeye_calibration_1828/data/runs/20260715_baseline_old/calibration.calib,10,0.284977934474658,-0.1361823010918066,-0.060984021461259065,0.006893123485053127,0.9986989735529073,-0.022598822829206153,0.04519002411731373,-177.43804971914722,5.196630566077874,179.32537111110244,0.05977102810943295,0.04915077577875608
24,6.0,0.0,12.0,6.0,0.0,12.0,new,src/robot_arm/robot_camera/handeye_calibration_1828/data/runs/20260723_auto_30samples/calibration.calib,10,0.2866951854787692,-0.12106465080140794,-0.072488796772982,-0.045936663368149874,0.9974208869048747,-0.032986951298865454,0.04419568269074263,-175.97919440535983,4.883659882554776,-174.5546286946061,0.05977102810942722,0.049150775765408654
25,-6.0,0.0,-12.0,-6.0,0.0,-12.0,old,src/robot_arm/robot_camera/handeye_calibration_1828/data/runs/20260715_baseline_old/calibration.calib,10,0.2893241062705348,-0.13543231951331278,-0.05779291259995567,0.005503050342703167,0.9983549396063484,-0.02100663808414013,0.053064603616085934,-177.61607740418535,6.095490985770632,179.49531064558977,0.153469931487684,0.054558304943594774
25,-6.0,0.0,-12.0,-6.0,0.0,-12.0,new,src/robot_arm/robot_camera/handeye_calibration_1828/data/runs/20260723_auto_30samples/calibration.calib,10,0.2922624311576073,-0.11544026606031972,-0.06549711203829361,-0.047466497932064464,0.9966507768981093,-0.02299701648387023,0.06249238125804747,-177.00982554594785,7.029651448835718,-174.36287712774447,0.15346993148767754,0.054558304948939006
26,6.0,0.0,-12.0,6.0,0.0,-12.0,old,src/robot_arm/robot_camera/handeye_calibration_1828/data/runs/20260715_baseline_old/calibration.calib,10,0.2855199568314828,-0.13619337433604636,-0.06042496824842227,0.00974627481527536,0.9985524921344415,-0.025946727151435672,0.04609444575488571,-177.0686506339794,5.310969161034038,179.01756176996506,0.05944753405556715,0.046737528123721124
26,6.0,0.0,-12.0,6.0,0.0,-12.0,new,src/robot_arm/robot_camera/handeye_calibration_1828/data/runs/20260723_auto_30samples/calibration.calib,10,0.28723819131879874,-0.12288614394639305,-0.07044280285807003,-0.042840217714940974,0.9971171565369658,-0.03648231502547347,0.0509031686258799,-175.55559915163795,5.646295756999903,-174.8604284319804,0.05944753405556439,0.046737528125280745
27,-6.0,0.0,12.0,-6.0,0.0,12.0,old,src/robot_arm/robot_camera/handeye_calibration_1828/data/runs/20260715_baseline_old/calibration.calib,10,0.28679844769457336,-0.13435660585087533,-0.059743880404022565,0.004684039051253494,0.9985601426065502,-0.01833272708405357,0.05019574178567437,-177.91821309566438,5.763280237405664,179.5672801313385,0.2867429658769586,0.0930736080835681
27,-6.0,0.0,12.0,-6.0,0.0,12.0,new,src/robot_arm/robot_camera/handeye_calibration_1828/data/runs/20260723_auto_30samples/calibration.calib,10,0.2925340046812039,-0.1141185560003749,-0.06772859190714194,-0.04842731170072988,0.9969091592740079,-0.02387825483808446,0.057067964594146085,-176.93496549449486,6.400086576269828,-174.26640079167808,0.28716196171960173,0.09306177277748665
28,0.0,6.0,12.0,0.0,6.0,12.0,old,src/robot_arm/robot_camera/handeye_calibration_1828/data/runs/20260715_baseline_old/calibration.calib,10,0.28836303988364625,-0.13628646320040316,-0.05792123195718779,0.00431106658668857,0.9983282163219208,-0.02293216031714403,0.05288008343002247,-177.38712438776446,6.072169941670302,179.6437731014613,0.18991106768843524,0.050700875266860894
28,0.0,6.0,12.0,0.0,6.0,12.0,new,src/robot_arm/robot_camera/handeye_calibration_1828/data/runs/20260723_auto_30samples/calibration.calib,10,0.28985306510016234,-0.11583089435187728,-0.06886256486270755,-0.04940951430618472,0.9969740882268375,-0.026520921247229996,0.053833149977419274,-176.64497047323275,6.011019802437547,-174.14934160658325,0.1919009539139671,0.0513339982814854
29,0.0,-6.0,-12.0,0.0,-6.0,-12.0,old,src/robot_arm/robot_camera/handeye_calibration_1828/data/runs/20260715_baseline_old/calibration.calib,10,0.28492463994711226,-0.13451232399553956,-0.06125636525426661,0.008111434460668547,0.9987207561524869,-0.019086083332446664,0.04611699561140204,-177.84884864205796,5.303167398064082,179.1689636170165,0.05162487818387524,0.04886094921706618
29,0.0,-6.0,-12.0,0.0,-6.0,-12.0,new,src/robot_arm/robot_camera/handeye_calibration_1828/data/runs/20260723_auto_30samples/calibration.calib,10,0.2900558099992593,-0.11889627527104636,-0.06859277390056258,-0.043929538739631964,0.9970277229315853,-0.027659189307957795,0.05692876758553524,-176.52974675681781,6.378095914553576,-174.76089136491012,0.05162487818386897,0.04886094919021298
30,0.0,6.0,-12.0,0.0,6.0,-12.0,old,src/robot_arm/robot_camera/handeye_calibration_1828/data/runs/20260715_baseline_old/calibration.calib,10,0.2883231654171398,-0.13721823426233545,-0.058436238898893725,0.007073941442447044,0.9983304632494719,-0.02541272080314516,0.05138520333661345,-177.11790688343655,5.909551873606201,179.33683837375196,0.055562300557263064,0.02672536623580228
30,0.0,6.0,-12.0,0.0,6.0,-12.0,new,src/robot_arm/robot_camera/handeye_calibration_1828/data/runs/20260723_auto_30samples/calibration.calib,10,0.287764823025693,-0.11941361881258128,-0.06877402505965102,-0.046536047862835724,0.9969801433115928,-0.028938904763279018,0.05502299412796121,-176.3772366836317,6.143574943659157,-174.46061120016802,0.05556230055725289,0.026725366323081697
